{
  "IcoMoonType": "selection",
  "icons": [
    {
      "icon": {
        "paths": [
          "M512 0c-176.018 0-319.219 143.201-319.219 319.216v385.565c0 176.018 143.201 319.216 319.219 319.216s319.216-143.201 319.216-319.216v-385.565c0-176.015-143.198-319.216-319.216-319.216zM792.95 319.216v5.033c-82.408 43.323-174.569 67.048-268.204 69.025v-106.725c27.003-5.862 47.295-29.935 47.295-58.668v-80.020c0-28.733-20.291-52.805-47.295-58.668v-50.627c149.025 6.689 268.204 130.006 268.204 280.649zM512 113.33c19.039-0 34.532 15.49 34.532 34.532v80.023c0 19.039-15.49 34.532-34.532 34.532s-34.532-15.49-34.532-34.532v-80.023c0-19.039 15.493-34.532 34.532-34.532zM499.237 38.57v50.629c-26.993 5.87-47.277 29.937-47.277 58.662v80.023c0 28.725 20.284 52.792 47.277 58.662v106.73c-93.623-1.977-185.779-25.705-268.187-69.030v-5.028c-0.003-150.64 119.172-273.952 268.187-280.649zM512 985.734c-154.918-0-280.952-126.034-280.952-280.95v-351.868c86.776 43.261 183.299 66.022 280.942 66.022 97.656 0 194.184-22.758 280.96-66.017v351.86c0 154.918-126.032 280.952-280.95 280.952z"
        ],
        "attrs": [
          {}
        ],
        "isMulticolor": false,
        "isMulticolor2": false,
        "grid": 0,
        "tags": [
          "mouse"
        ]
      },
      "attrs": [
        {}
      ],
      "properties": {
        "order": 1594,
        "id": 1,
        "name": "mouse",
        "prevSize": 32,
        "code": 59649
      },
      "setIdx": 0,
      "setId": 5,
      "iconIdx": 0
    },
    {
      "icon": {
        "paths": [
          "M879.393 491.922l-707.064-487.631c-7.485-5.145-17.189-5.681-25.186-1.512-8.022 4.218-13.044 12.508-13.044 21.578v975.261c0 9.070 5.023 17.384 13.044 21.602 3.56 1.853 7.461 2.779 11.337 2.779 4.852 0 9.679-1.463 13.849-4.316l707.064-487.631c6.607-4.559 10.533-12.044 10.533-20.066s-3.95-15.507-10.533-20.066z"
        ],
        "attrs": [
          {}
        ],
        "isMulticolor": false,
        "isMulticolor2": false,
        "grid": 0,
        "tags": [
          "play"
        ]
      },
      "attrs": [
        {}
      ],
      "properties": {
        "order": 1593,
        "id": 0,
        "name": "play",
        "prevSize": 32,
        "code": 59648
      },
      "setIdx": 0,
      "setId": 5,
      "iconIdx": 1
    }
  ],
  "height": 1024,
  "metadata": {
    "name": "icomoon"
  },
  "preferences": {
    "showGlyphs": true,
    "showQuickUse": true,
    "showQuickUse2": true,
    "showSVGs": true,
    "fontPref": {
      "prefix": "icon-",
      "metadata": {
        "fontFamily": "icomoon"
      },
      "metrics": {
        "emSize": 1024,
        "baseline": 6.25,
        "whitespace": 50
      },
      "embed": false
    },
    "imagePref": {
      "prefix": "icon-",
      "png": true,
      "useClassSelector": true,
      "color": 0,
      "bgColor": 16777215,
      "classSelector": ".icon"
    },
    "historySize": 100,
    "showCodes": false,
    "gridSize": 16,
    "showLiga": false
  }
}